filename_digit,pred_label,PIC
0068f939-87a8-43e6-b5f1-202173afe9cc_13.jpg,0,Addin
002409f6-cfc7-494c-ad42-ba82ec1fc0c7_13.jpg,0,Addin
002409f6-cfc7-494c-ad42-ba82ec1fc0c7_14.jpg,0,Addin
01717470-8425-431c-bf42-f048957329be_3.jpg,0,Addin
01717470-8425-431c-bf42-f048957329be_4.jpg,0,Addin
01717470-8425-431c-bf42-f048957329be_6.jpg,0,Addin
01717470-8425-431c-bf42-f048957329be_7.jpg,0,Addin
00b5ca10-1067-416f-b47c-0ae6eceff13f_14.jpg,0,Addin
01717470-8425-431c-bf42-f048957329be_8.jpg,0,Addin
01717470-8425-431c-bf42-f048957329be_12.jpg,0,Addin
01717470-8425-431c-bf42-f048957329be_13.jpg,0,Addin
016e74d3-e9ec-4e6b-a2d0-843eac972325_4.jpg,0,Addin
016e74d3-e9ec-4e6b-a2d0-843eac972325_8.jpg,0,Addin
016e74d3-e9ec-4e6b-a2d0-843eac972325_12.jpg,0,Addin
016e74d3-e9ec-4e6b-a2d0-843eac972325_13.jpg,0,Addin
01717470-8425-431c-bf42-f048957329be_11.jpg,0,Addin
016e74d3-e9ec-4e6b-a2d0-843eac972325_14.jpg,0,Addin
00b5ca10-1067-416f-b47c-0ae6eceff13f_13.jpg,0,Addin
00b5ca10-1067-416f-b47c-0ae6eceff13f_11.jpg,0,Addin
00acb50a-9ae4-47ca-b84b-848cfe320bf0_4.jpg,0,Addin
00acb50a-9ae4-47ca-b84b-848cfe320bf0_8.jpg,0,Addin
00acb50a-9ae4-47ca-b84b-848cfe320bf0_12.jpg,0,Addin
00acb50a-9ae4-47ca-b84b-848cfe320bf0_13.jpg,0,Addin
00acb50a-9ae4-47ca-b84b-848cfe320bf0_14.jpg,0,Addin
00467f7c-369c-461e-b861-413f94bd424b_2.jpg,0,Addin
00b5ca10-1067-416f-b47c-0ae6eceff13f_12.jpg,0,Addin
00467f7c-369c-461e-b861-413f94bd424b_5.jpg,0,Addin
00467f7c-369c-461e-b861-413f94bd424b_11.jpg,0,Addin
00467f7c-369c-461e-b861-413f94bd424b_12.jpg,0,Addin
00467f7c-369c-461e-b861-413f94bd424b_13.jpg,0,Addin
00b5ca10-1067-416f-b47c-0ae6eceff13f_4.jpg,0,Addin
00b5ca10-1067-416f-b47c-0ae6eceff13f_8.jpg,0,Addin
00b5ca10-1067-416f-b47c-0ae6eceff13f_10.jpg,0,Addin
00467f7c-369c-461e-b861-413f94bd424b_6.jpg,0,Addin
009e1725-e1f3-4d01-8ebf-430ce6125484_14.jpg,0,Addin
00cda37a-8409-4f1d-ac3d-9a97c75ac56e_2.jpg,0,Addin
00cda37a-8409-4f1d-ac3d-9a97c75ac56e_8.jpg,0,Addin
015b112f-8c68-4c63-92d4-428d482ec57e_11.jpg,0,Addin
015b112f-8c68-4c63-92d4-428d482ec57e_12.jpg,0,Addin
015b112f-8c68-4c63-92d4-428d482ec57e_13.jpg,0,Addin
015b112f-8c68-4c63-92d4-428d482ec57e_14.jpg,0,Addin
00c8960f-9b21-4e6c-b07c-4a7a0fc286ff_2.jpg,0,Addin
00c8960f-9b21-4e6c-b07c-4a7a0fc286ff_4.jpg,0,Addin
015b112f-8c68-4c63-92d4-428d482ec57e_8.jpg,0,Addin
00c8960f-9b21-4e6c-b07c-4a7a0fc286ff_5.jpg,0,Addin
00c8960f-9b21-4e6c-b07c-4a7a0fc286ff_11.jpg,0,Addin
00c8960f-9b21-4e6c-b07c-4a7a0fc286ff_12.jpg,0,Addin
00c8960f-9b21-4e6c-b07c-4a7a0fc286ff_13.jpg,0,Addin
00c8960f-9b21-4e6c-b07c-4a7a0fc286ff_14.jpg,0,Addin
004bb68a-9abd-40ea-9cb9-8cc9de9e4f6a_3.jpg,0,Addin
004bb68a-9abd-40ea-9cb9-8cc9de9e4f6a_4.jpg,0,Addin
00c8960f-9b21-4e6c-b07c-4a7a0fc286ff_8.jpg,0,Addin
00cda37a-8409-4f1d-ac3d-9a97c75ac56e_6.jpg,0,Addin
015b112f-8c68-4c63-92d4-428d482ec57e_7.jpg,0,Addin
0017867f-a974-464b-a3a5-02bd22a41f14_14.jpg,0,Addin
00cda37a-8409-4f1d-ac3d-9a97c75ac56e_12.jpg,0,Addin
00cda37a-8409-4f1d-ac3d-9a97c75ac56e_13.jpg,0,Addin
00cda37a-8409-4f1d-ac3d-9a97c75ac56e_14.jpg,0,Addin
00a51f5f-1ca2-484b-892f-0887174d9982_4.jpg,0,Addin
00a51f5f-1ca2-484b-892f-0887174d9982_8.jpg,0,Addin
00a51f5f-1ca2-484b-892f-0887174d9982_12.jpg,0,Addin
015b112f-8c68-4c63-92d4-428d482ec57e_4.jpg,0,Addin
00a51f5f-1ca2-484b-892f-0887174d9982_13.jpg,0,Addin
004fd021-fad9-4942-9f1b-bae0dd0b8a8d_3.jpg,0,Addin
0017867f-a974-464b-a3a5-02bd22a41f14_6.jpg,0,Addin
0017867f-a974-464b-a3a5-02bd22a41f14_8.jpg,0,Addin
0017867f-a974-464b-a3a5-02bd22a41f14_9.jpg,0,Addin
0017867f-a974-464b-a3a5-02bd22a41f14_12.jpg,0,Addin
0017867f-a974-464b-a3a5-02bd22a41f14_13.jpg,0,Addin
00a51f5f-1ca2-484b-892f-0887174d9982_14.jpg,0,Addin
004bb68a-9abd-40ea-9cb9-8cc9de9e4f6a_8.jpg,0,Addin
009e1725-e1f3-4d01-8ebf-430ce6125484_13.jpg,0,Addin
009e1725-e1f3-4d01-8ebf-430ce6125484_2.jpg,0,Addin
0160c1e7-5b2e-4f7d-9d7f-54dba4cf3676_13.jpg,0,Vanda
0160c1e7-5b2e-4f7d-9d7f-54dba4cf3676_14.jpg,0,Vanda
0015a253-83c4-4759-bb39-b4fbfd72b2c3_2.jpg,0,Vanda
0015a253-83c4-4759-bb39-b4fbfd72b2c3_4.jpg,0,Vanda
0015a253-83c4-4759-bb39-b4fbfd72b2c3_6.jpg,0,Vanda
0015a253-83c4-4759-bb39-b4fbfd72b2c3_8.jpg,0,Vanda
0160c1e7-5b2e-4f7d-9d7f-54dba4cf3676_12.jpg,0,Vanda
0015a253-83c4-4759-bb39-b4fbfd72b2c3_11.jpg,0,Vanda
0015a253-83c4-4759-bb39-b4fbfd72b2c3_13.jpg,0,Vanda
0015a253-83c4-4759-bb39-b4fbfd72b2c3_14.jpg,0,Vanda
0068f939-87a8-43e6-b5f1-202173afe9cc_1.jpg,0,Vanda
0068f939-87a8-43e6-b5f1-202173afe9cc_4.jpg,0,Vanda
0068f939-87a8-43e6-b5f1-202173afe9cc_8.jpg,0,Vanda
0068f939-87a8-43e6-b5f1-202173afe9cc_9.jpg,0,Vanda
0015a253-83c4-4759-bb39-b4fbfd72b2c3_12.jpg,0,Vanda
0068f939-87a8-43e6-b5f1-202173afe9cc_12.jpg,0,Vanda
0160c1e7-5b2e-4f7d-9d7f-54dba4cf3676_11.jpg,0,Vanda
0160c1e7-5b2e-4f7d-9d7f-54dba4cf3676_7.jpg,0,Vanda
0149e831-a689-4d83-be31-ec7fdd50d6ef_12.jpg,0,Vanda
0149e831-a689-4d83-be31-ec7fdd50d6ef_13.jpg,0,Vanda
0149e831-a689-4d83-be31-ec7fdd50d6ef_14.jpg,0,Vanda
003c773f-4f65-4abf-9045-06e8c692bf80_4.jpg,0,Vanda
003c773f-4f65-4abf-9045-06e8c692bf80_7.jpg,0,Vanda
003c773f-4f65-4abf-9045-06e8c692bf80_9.jpg,0,Vanda
0160c1e7-5b2e-4f7d-9d7f-54dba4cf3676_8.jpg,0,Vanda
003c773f-4f65-4abf-9045-06e8c692bf80_10.jpg,0,Vanda
0166ebda-728f-495d-a3cf-e39e3ec67216_7.jpg,0,Vanda
0166ebda-728f-495d-a3cf-e39e3ec67216_8.jpg,0,Vanda
0166ebda-728f-495d-a3cf-e39e3ec67216_12.jpg,0,Vanda
0166ebda-728f-495d-a3cf-e39e3ec67216_13.jpg,0,Vanda
0166ebda-728f-495d-a3cf-e39e3ec67216_14.jpg,0,Vanda
0160c1e7-5b2e-4f7d-9d7f-54dba4cf3676_2.jpg,0,Vanda
0166ebda-728f-495d-a3cf-e39e3ec67216_4.jpg,0,Vanda
009e1725-e1f3-4d01-8ebf-430ce6125484_12.jpg,0,Vanda
006a1e26-8a2e-4545-89cd-4e7d797aafca_0.jpg,0,Vanda
0081150e-fdec-4c17-9c6c-6ea119526a2a_0.jpg,0,Vanda
00235536-7081-48af-90b5-48f9bcc58a7e_2.jpg,0,Vanda
00235536-7081-48af-90b5-48f9bcc58a7e_12.jpg,0,Vanda
00235536-7081-48af-90b5-48f9bcc58a7e_13.jpg,0,Vanda
00235536-7081-48af-90b5-48f9bcc58a7e_14.jpg,0,Vanda
00a1cf16-e207-42b2-9da9-eae41372f8dc_2.jpg,0,Vanda
00a1cf16-e207-42b2-9da9-eae41372f8dc_4.jpg,0,Vanda
01468018-48f6-437e-8a8d-e850d05ed234_14.jpg,0,Vanda
00a1cf16-e207-42b2-9da9-eae41372f8dc_12.jpg,0,Vanda
00ec38f6-de23-4971-b68a-6624e36763e7_4.jpg,0,Vanda
00ec38f6-de23-4971-b68a-6624e36763e7_5.jpg,0,Vanda
00ec38f6-de23-4971-b68a-6624e36763e7_8.jpg,0,Vanda
00ec38f6-de23-4971-b68a-6624e36763e7_12.jpg,0,Vanda
00ec38f6-de23-4971-b68a-6624e36763e7_13.jpg,0,Vanda
00ec38f6-de23-4971-b68a-6624e36763e7_14.jpg,0,Vanda
00a1cf16-e207-42b2-9da9-eae41372f8dc_13.jpg,0,Vanda
0068f939-87a8-43e6-b5f1-202173afe9cc_14.jpg,0,Vanda
01468018-48f6-437e-8a8d-e850d05ed234_13.jpg,0,Vanda
01468018-48f6-437e-8a8d-e850d05ed234_10.jpg,0,Vanda
0081150e-fdec-4c17-9c6c-6ea119526a2a_1.jpg,0,Vanda
0081150e-fdec-4c17-9c6c-6ea119526a2a_2.jpg,0,Vanda
0081150e-fdec-4c17-9c6c-6ea119526a2a_3.jpg,0,Vanda
0081150e-fdec-4c17-9c6c-6ea119526a2a_4.jpg,0,Vanda
0081150e-fdec-4c17-9c6c-6ea119526a2a_6.jpg,0,Vanda
0081150e-fdec-4c17-9c6c-6ea119526a2a_8.jpg,0,Vanda
01468018-48f6-437e-8a8d-e850d05ed234_12.jpg,0,Vanda
0081150e-fdec-4c17-9c6c-6ea119526a2a_9.jpg,0,Vanda
0081150e-fdec-4c17-9c6c-6ea119526a2a_12.jpg,0,Vanda
0081150e-fdec-4c17-9c6c-6ea119526a2a_13.jpg,0,Vanda
0081150e-fdec-4c17-9c6c-6ea119526a2a_14.jpg,0,Vanda
0081150e-fdec-4c17-9c6c-6ea119526a2a_15.jpg,0,Vanda
01468018-48f6-437e-8a8d-e850d05ed234_4.jpg,0,Vanda
01468018-48f6-437e-8a8d-e850d05ed234_8.jpg,0,Vanda
0081150e-fdec-4c17-9c6c-6ea119526a2a_10.jpg,0,Vanda
0149e831-a689-4d83-be31-ec7fdd50d6ef_8.jpg,0,Vanda
004bb68a-9abd-40ea-9cb9-8cc9de9e4f6a_10.jpg,0,Vanda
004bb68a-9abd-40ea-9cb9-8cc9de9e4f6a_13.jpg,0,Vanda
002e4bec-0cff-471c-88a5-5f91f418208b_13.jpg,0,Vanda
0128af7d-b4a5-4134-916b-0d2e7d7abb9a_3.jpg,3,Addin
00e403f1-e23d-44b8-953a-9f41008c9521_0.jpg,3,Addin
0071b8c5-cefd-43c1-9dc8-ff8cccc6e0d9_0.jpg,3,Addin
00669cde-5c99-4a33-946a-03f86462c0f1_10.jpg,3,Addin
004a9ee9-d097-47e5-bcd6-7114e62c942d_9.jpg,3,Addin
007fad06-daa1-4ce0-8098-7fca56db1368_15.jpg,3,Addin
00bbe80e-64fb-4047-8d89-6bdf43909a91_11.jpg,3,Addin
0060e36f-fc71-40bd-82d5-73c54b950497_4.jpg,3,Addin
0008f114-0fd9-409c-8cc8-98706e8a6d95_5.jpg,3,Addin
00bbe80e-64fb-4047-8d89-6bdf43909a91_0.jpg,3,Addin
01181449-1cd0-413c-b3e6-7ea84e3b1821_8.jpg,3,Addin
0146f4a1-d30e-4676-b81b-3ddef427acdb_1.jpg,3,Addin
001c773d-0a17-4083-99f6-fcdfe6f41c10_0.jpg,3,Addin
0008f114-0fd9-409c-8cc8-98706e8a6d95_7.jpg,3,Addin
0128af7d-b4a5-4134-916b-0d2e7d7abb9a_0.jpg,3,Addin
012d3935-ebda-4aa1-9db9-1a34349a6ba5_0.jpg,3,Addin
007fad06-daa1-4ce0-8098-7fca56db1368_1.jpg,3,Addin
006d9163-24ec-4fd4-b0b5-57fc8d1f0867_1.jpg,3,Addin
0071b8c5-cefd-43c1-9dc8-ff8cccc6e0d9_1.jpg,3,Addin
0000d496-0c45-41a6-8419-1b975f296075_12.jpg,3,Addin
00888cf4-bc4a-43fc-b1bb-462a291cadf6_0.jpg,3,Addin
012bbc50-aca1-4c62-a9ee-543c24bd422d_0.jpg,3,Addin
0008f114-0fd9-409c-8cc8-98706e8a6d95_0.jpg,3,Addin
01208752-9a70-42c4-bd68-623f1ea643a2_5.jpg,3,Addin
0060e36f-fc71-40bd-82d5-73c54b950497_0.jpg,3,Addin
009bbbf6-3376-48a4-928e-e8f18bf4f352_9.jpg,3,Addin
00a985d0-6125-4b14-88a7-5c6a895d5eb9_0.jpg,3,Addin
003d528d-dd88-45db-8eb9-423dd5b8db1a_12.jpg,3,Addin
0028e954-e33f-46f9-806d-12c4b71f3170_5.jpg,3,Addin
003d528d-dd88-45db-8eb9-423dd5b8db1a_13.jpg,3,Addin
00da787b-c446-4156-a1c3-347c0a479e81_8.jpg,3,Addin
01433361-1533-4ed7-91f0-f858ed3ddf00_0.jpg,3,Addin
01372875-e6c3-4277-8b22-d6904aeaa2b1_0.jpg,3,Addin
01347fa7-c4ad-4947-b642-0ec95ffaca1d_11.jpg,3,Addin
01372875-e6c3-4277-8b22-d6904aeaa2b1_1.jpg,3,Addin
016e5f15-c234-4b23-95c2-8d2e55f726a3_0.jpg,3,Addin
0146cdeb-ece7-40ca-a6c5-5f07d80b9005_0.jpg,3,Addin
01334b01-7c3e-4194-87c2-c935f6f0864a_0.jpg,3,Addin
014d7e59-d0f4-4c48-8606-f747846744a8_0.jpg,3,Addin
0054e10b-2411-4b0c-8eb4-6a7ff491abf7_0.jpg,3,Addin
01347fa7-c4ad-4947-b642-0ec95ffaca1d_0.jpg,3,Addin
014d7e59-d0f4-4c48-8606-f747846744a8_5.jpg,3,Addin
01208752-9a70-42c4-bd68-623f1ea643a2_0.jpg,3,Addin
01372875-e6c3-4277-8b22-d6904aeaa2b1_3.jpg,3,Addin
004a9ee9-d097-47e5-bcd6-7114e62c942d_5.jpg,3,Addin
015bf86d-d201-4553-9bd4-45c9770643fa_5.jpg,3,Addin
009fdfab-e8ed-4fb1-9f51-5a5db33d0eb6_0.jpg,3,Addin
00da787b-c446-4156-a1c3-347c0a479e81_0.jpg,3,Addin
0156b888-e7fa-4193-8f2b-d8552a03a008_0.jpg,3,Addin
00e8f929-b97c-4dd7-b34e-dd63a497f642_4.jpg,3,Addin
00e8f929-b97c-4dd7-b34e-dd63a497f642_5.jpg,3,Addin
012bbc50-aca1-4c62-a9ee-543c24bd422d_15.jpg,3,Addin
012828ce-d195-470b-afb9-686bcb166ac8_0.jpg,3,Addin
003d528d-dd88-45db-8eb9-423dd5b8db1a_0.jpg,3,Addin
0054e10b-2411-4b0c-8eb4-6a7ff491abf7_11.jpg,3,Addin
012828ce-d195-470b-afb9-686bcb166ac8_5.jpg,3,Addin
01334b01-7c3e-4194-87c2-c935f6f0864a_11.jpg,3,Addin
009bbbf6-3376-48a4-928e-e8f18bf4f352_0.jpg,3,Vanda
01677665-8f94-4bae-9d49-9c020c467d24_0.jpg,3,Vanda
0028e954-e33f-46f9-806d-12c4b71f3170_0.jpg,3,Vanda
0010a80b-55f4-4cd7-a3ec-1ac53a48b017_0.jpg,3,Vanda
0028e954-e33f-46f9-806d-12c4b71f3170_1.jpg,3,Vanda
00da787b-c446-4156-a1c3-347c0a479e81_4.jpg,3,Vanda
01528a3f-5a33-49a1-b70b-8b3ac53ff8f7_0.jpg,3,Vanda
003d528d-dd88-45db-8eb9-423dd5b8db1a_7.jpg,3,Vanda
0010a80b-55f4-4cd7-a3ec-1ac53a48b017_5.jpg,3,Vanda
006d9163-24ec-4fd4-b0b5-57fc8d1f0867_0.jpg,3,Vanda
00994be3-b421-45e1-aa2d-c6fe1ff24adf_0.jpg,3,Vanda
00fbd18b-540b-41e9-9bc6-26dfefdff11c_0.jpg,3,Vanda
009d1c14-84a2-49e6-9558-d6164602c107_1.jpg,3,Vanda
01084e43-034c-4a6f-aae9-4db257d97f5d_8.jpg,3,Vanda
00c339d0-c335-43b4-8a6a-4e3bdf9a9aad_0.jpg,3,Vanda
002f2d99-e540-418e-bb21-8f90e94eefc3_0.jpg,3,Vanda
0157c2fb-512d-4f51-a28a-491364e7217c_0.jpg,3,Vanda
0157c2fb-512d-4f51-a28a-491364e7217c_2.jpg,3,Vanda
006404a7-81d4-4d8c-9dbe-ce3c8f4df4e8_15.jpg,3,Vanda
01743e70-c80a-465a-a3f8-e4bf96c9225d_0.jpg,3,Vanda
00805796-6631-4244-957b-a190bff3c307_10.jpg,3,Vanda
00ebd5e8-8a58-45fb-8063-3012ce265fd6_10.jpg,3,Vanda
00ffe211-568a-4345-ba25-0829863d0f7d_0.jpg,3,Vanda
005db11f-24e6-4af1-8ce3-d4a7a8f6b4a7_0.jpg,3,Vanda
00e89aba-ea71-412a-b072-73e1f6f78cca_6.jpg,3,Vanda
00e89aba-ea71-412a-b072-73e1f6f78cca_5.jpg,3,Vanda
01091f1b-94c4-458b-ae2e-db98c12f8c34_15.jpg,3,Vanda
00e89aba-ea71-412a-b072-73e1f6f78cca_1.jpg,3,Vanda
00e89aba-ea71-412a-b072-73e1f6f78cca_0.jpg,3,Vanda
005db11f-24e6-4af1-8ce3-d4a7a8f6b4a7_5.jpg,3,Vanda
00791ea9-5636-45e1-b33a-51bca68a84d3_0.jpg,3,Vanda
00791ea9-5636-45e1-b33a-51bca68a84d3_5.jpg,3,Vanda
01091f1b-94c4-458b-ae2e-db98c12f8c34_5.jpg,3,Vanda
01091f1b-94c4-458b-ae2e-db98c12f8c34_4.jpg,3,Vanda
01091f1b-94c4-458b-ae2e-db98c12f8c34_1.jpg,3,Vanda
01091f1b-94c4-458b-ae2e-db98c12f8c34_0.jpg,3,Vanda
010a810d-a570-4090-bcd9-bf27008709cb_0.jpg,3,Vanda
00d5501c-7489-4d41-8299-c00688e2020e_0.jpg,3,Vanda
002ebe1a-9bc0-4ad4-85fd-a08b9718b7f6_0.jpg,3,Vanda
00a31541-8ad8-4ad6-b9a2-ee60bcadd1d4_9.jpg,3,Vanda
00b03b4c-9e70-40e9-8f27-be94aa0b0529_6.jpg,3,Vanda
0035329f-09e5-4f64-a0b9-62ef4e02feb3_0.jpg,3,Vanda
00442641-a9af-46b0-8a4e-bdae696fef0e_0.jpg,3,Vanda
002f2d99-e540-418e-bb21-8f90e94eefc3_3.jpg,3,Vanda
016f645a-657c-4ec1-b7f3-49a44d82bfa7_6.jpg,3,Vanda
001276c1-c7e8-4899-9204-0523bfc1f1ef_0.jpg,3,Vanda
001276c1-c7e8-4899-9204-0523bfc1f1ef_1.jpg,3,Vanda
005568d8-e960-41f2-8886-8976940c001f_0.jpg,3,Vanda
016f645a-657c-4ec1-b7f3-49a44d82bfa7_7.jpg,3,Vanda
016f645a-657c-4ec1-b7f3-49a44d82bfa7_9.jpg,3,Vanda
001276c1-c7e8-4899-9204-0523bfc1f1ef_3.jpg,3,Vanda
001276c1-c7e8-4899-9204-0523bfc1f1ef_6.jpg,3,Vanda
014457f1-a2b9-4d0c-b755-aef0245db7bc_0.jpg,3,Vanda
014457f1-a2b9-4d0c-b755-aef0245db7bc_1.jpg,3,Vanda
00b856fe-6915-4d66-8b4e-f501513a0489_3.jpg,3,Vanda
0076d550-833b-4f4c-87cc-8e49cf75e662_9.jpg,3,Vanda
000a582f-ab51-4dec-8b60-2ffb834b0f9a_0.jpg,3,Vanda
003c773f-4f65-4abf-9045-06e8c692bf80_6.jpg,9,Addin
00318fef-7348-4121-a097-828b31fd6228_5.jpg,9,Addin
00efb6fd-a6ab-4018-bb53-39f6c268bc16_15.jpg,9,Addin
00504c08-7f82-484e-bf90-78d7ebcb6bd4_9.jpg,9,Addin
000a582f-ab51-4dec-8b60-2ffb834b0f9a_5.jpg,9,Addin
00791ea9-5636-45e1-b33a-51bca68a84d3_8.jpg,9,Addin
01084e43-034c-4a6f-aae9-4db257d97f5d_4.jpg,9,Addin
00903c01-6116-41b1-b5e1-8e2a72436e11_11.jpg,9,Addin
0149c1af-94d7-43ed-987d-524f74958c3a_9.jpg,9,Addin
0104f6b8-fd15-421f-be92-82f6fcfc924e_5.jpg,9,Addin
00c339d0-c335-43b4-8a6a-4e3bdf9a9aad_11.jpg,9,Addin
00734762-ceba-4fab-806c-6acd891d3b3b_5.jpg,9,Addin
00982365-86ac-4c86-b056-9c6cf652762d_10.jpg,9,Addin
012dc63f-ea73-4869-9442-6783a8a44dce_11.jpg,9,Addin
00460bec-9a29-4f77-a0ec-3f8bb43d7cfd_4.jpg,9,Addin
008e427c-1bdc-4803-bc88-be84d4e97c5e_7.jpg,9,Addin
001c773d-0a17-4083-99f6-fcdfe6f41c10_6.jpg,9,Addin
00460bec-9a29-4f77-a0ec-3f8bb43d7cfd_5.jpg,9,Addin
009e1725-e1f3-4d01-8ebf-430ce6125484_7.jpg,9,Addin
0060e36f-fc71-40bd-82d5-73c54b950497_11.jpg,9,Addin
0035329f-09e5-4f64-a0b9-62ef4e02feb3_7.jpg,9,Addin
0078ce5d-bc96-40a7-8a9e-410d0b806bae_10.jpg,9,Addin
016f645a-657c-4ec1-b7f3-49a44d82bfa7_11.jpg,9,Addin
0078ce5d-bc96-40a7-8a9e-410d0b806bae_9.jpg,9,Addin
00f6dd5f-1571-4c46-86b6-e3ac0af9e1a2_0.jpg,9,Addin
00460bec-9a29-4f77-a0ec-3f8bb43d7cfd_6.jpg,9,Addin
0068f939-87a8-43e6-b5f1-202173afe9cc_10.jpg,9,Addin
00903c01-6116-41b1-b5e1-8e2a72436e11_9.jpg,9,Addin
004a7b1e-e7fe-442b-9538-d93defc09ae2_3.jpg,9,Addin
008345da-51ed-4f76-914b-ede328a31c33_16.jpg,9,Addin
0166c56d-0c0c-40df-966e-df2a0e19ee7c_9.jpg,9,Addin
012f7090-94cd-42b7-b0f7-c54c7af82b7e_7.jpg,9,Addin
002ebe1a-9bc0-4ad4-85fd-a08b9718b7f6_11.jpg,9,Addin
00a1cf16-e207-42b2-9da9-eae41372f8dc_11.jpg,9,Addin
00153e7d-d6a9-4b84-81b4-cdef1161b0d1_5.jpg,9,Addin
003b6540-10be-4560-8dba-214acd8a4ec7_10.jpg,9,Addin
00442641-a9af-46b0-8a4e-bdae696fef0e_10.jpg,9,Addin
012f7090-94cd-42b7-b0f7-c54c7af82b7e_9.jpg,9,Addin
015eedac-1548-4d44-8d7d-840353b03d1d_11.jpg,9,Addin
0028be33-1d43-4129-bd95-992b9668e2b4_5.jpg,9,Addin
0115f496-01c8-48c3-a986-3203dc3a89e6_9.jpg,9,Addin
0013110c-16fd-4f1f-b56e-fa8df31fa39b_7.jpg,9,Addin
00b03b4c-9e70-40e9-8f27-be94aa0b0529_13.jpg,9,Addin
01091f1b-94c4-458b-ae2e-db98c12f8c34_10.jpg,9,Addin
014ff120-64a1-4e3e-bd39-21460ef186ff_11.jpg,9,Addin
003b6540-10be-4560-8dba-214acd8a4ec7_11.jpg,9,Addin
008d156e-a69b-4a5e-8ce2-70489e2f0436_6.jpg,9,Addin
00153e7d-d6a9-4b84-81b4-cdef1161b0d1_7.jpg,9,Addin
00b30019-d55a-4549-bfac-7ecf53a35317_10.jpg,9,Addin
00a51f5f-1ca2-484b-892f-0887174d9982_7.jpg,9,Addin
00460bec-9a29-4f77-a0ec-3f8bb43d7cfd_12.jpg,9,Addin
00460bec-9a29-4f77-a0ec-3f8bb43d7cfd_13.jpg,9,Addin
01468018-48f6-437e-8a8d-e850d05ed234_0.jpg,9,Addin
00153e7d-d6a9-4b84-81b4-cdef1161b0d1_11.jpg,9,Addin
002f2d99-e540-418e-bb21-8f90e94eefc3_11.jpg,9,Addin
012bbc50-aca1-4c62-a9ee-543c24bd422d_11.jpg,9,Addin
0166ebda-728f-495d-a3cf-e39e3ec67216_5.jpg,9,Addin
00153e7d-d6a9-4b84-81b4-cdef1161b0d1_10.jpg,9,Addin
01743e70-c80a-465a-a3f8-e4bf96c9225d_11.jpg,9,Addin
0115f496-01c8-48c3-a986-3203dc3a89e6_11.jpg,9,Addin
00b1e9f7-9932-437c-a80c-1d1339669ff8_10.jpg,9,Addin
0032eb29-35eb-4a93-ba13-96349fad0591_7.jpg,9,Addin
00b1e9f7-9932-437c-a80c-1d1339669ff8_11.jpg,9,Addin
001f0304-6612-4d21-9c06-03f2e9201f69_10.jpg,9,Addin
01181449-1cd0-413c-b3e6-7ea84e3b1821_2.jpg,9,Addin
016e5f15-c234-4b23-95c2-8d2e55f726a3_3.jpg,9,Addin
009e1725-e1f3-4d01-8ebf-430ce6125484_10.jpg,9,Addin
0167a3ba-873e-4940-b2ec-9e70427617d8_10.jpg,9,Addin
00cff9ac-fea9-4632-a60e-b15e105432aa_10.jpg,9,Addin
016c3300-c674-480c-87df-e4c8d9e0c9ba_9.jpg,9,Addin
00271205-38de-4d83-8fad-3ca0475507be_3.jpg,9,Addin
016c3300-c674-480c-87df-e4c8d9e0c9ba_5.jpg,9,Addin
0147d75d-332d-414f-bd68-6ab46b89e1b0_10.jpg,9,Addin
00178766-d1f9-406b-9e77-57dbc7ec5c42_10.jpg,9,Addin
0118a8fe-ba05-4068-8e19-5a4749227964_9.jpg,9,Addin
0167a3ba-873e-4940-b2ec-9e70427617d8_9.jpg,9,Vanda
016c3300-c674-480c-87df-e4c8d9e0c9ba_0.jpg,9,Vanda
00b30019-d55a-4549-bfac-7ecf53a35317_3.jpg,9,Vanda
0153059f-94c4-4aca-8b44-68f09fe25607_11.jpg,9,Vanda
0038fe12-2068-4af9-88bb-6233bcd9fcb4_5.jpg,9,Vanda
0093213b-d77e-44c1-9a46-b968fe191039_2.jpg,9,Vanda
00da05f9-64b5-4944-b153-b910ee9b2f2e_5.jpg,9,Vanda
00467f7c-369c-461e-b861-413f94bd424b_7.jpg,9,Vanda
011f7a45-9a72-4b4f-b972-c79c2fbceb24_7.jpg,9,Vanda
00b87227-dd96-4c29-9857-880633acb2c6_11.jpg,9,Vanda
0138c982-d08d-452d-afa7-a2d33e1de3f7_9.jpg,9,Vanda
00c0e093-f299-4073-9576-5b41e6c63a56_9.jpg,9,Vanda
0126db49-bcc3-4686-9f52-46ff677b2b54_14.jpg,9,Vanda
00178766-d1f9-406b-9e77-57dbc7ec5c42_3.jpg,9,Vanda
01181449-1cd0-413c-b3e6-7ea84e3b1821_1.jpg,9,Vanda
00cdfbef-cc91-460c-a9aa-8a293376db36_10.jpg,9,Vanda
00e05049-4a0c-4638-971d-6b6c02f37ba9_9.jpg,9,Vanda
00db95e7-373c-415b-aa61-c7d8aa0020f2_0.jpg,9,Vanda
0156b888-e7fa-4193-8f2b-d8552a03a008_3.jpg,9,Vanda
00db95e7-373c-415b-aa61-c7d8aa0020f2_1.jpg,9,Vanda
00e403f1-e23d-44b8-953a-9f41008c9521_7.jpg,9,Vanda
01343823-ea36-461f-9972-8248ff31d055_5.jpg,9,Vanda
00467f7c-369c-461e-b861-413f94bd424b_10.jpg,9,Vanda
00b5ca10-1067-416f-b47c-0ae6eceff13f_3.jpg,9,Vanda
00bceea3-ef98-45d8-bc27-fbbc8f43a429_11.jpg,9,Vanda
0153059f-94c4-4aca-8b44-68f09fe25607_7.jpg,9,Vanda
0038fe12-2068-4af9-88bb-6233bcd9fcb4_11.jpg,9,Vanda
0089ae60-9e63-4f4d-8e2c-2eb1a6ce9ca5_6.jpg,9,Vanda
016ac10e-afd0-462f-99ab-9ff44f5b1cc5_1.jpg,9,Vanda
009d1c14-84a2-49e6-9558-d6164602c107_7.jpg,9,Vanda
00ad15e7-04ad-4592-91d4-c35e33148dea_7.jpg,9,Vanda
01433361-1533-4ed7-91f0-f858ed3ddf00_7.jpg,9,Vanda
00ad15e7-04ad-4592-91d4-c35e33148dea_10.jpg,9,Vanda
014053e0-411c-48d7-8d5f-b7ccae6e8fdb_10.jpg,9,Vanda
00a38f2c-e3f9-455f-9518-6a773b8277fe_10.jpg,9,Vanda
00337178-abe5-45b6-b51f-3a62ccbcb35d_11.jpg,9,Vanda
0070c66f-2314-4978-a116-48c1b5439cf6_10.jpg,9,Vanda
0054e10b-2411-4b0c-8eb4-6a7ff491abf7_3.jpg,9,Vanda
012828ce-d195-470b-afb9-686bcb166ac8_4.jpg,9,Vanda
016e5f15-c234-4b23-95c2-8d2e55f726a3_10.jpg,9,Vanda
0144b076-2a74-459c-8bc8-48ce35f3f609_1.jpg,9,Vanda
016ac10e-afd0-462f-99ab-9ff44f5b1cc5_11.jpg,9,Vanda
00b30019-d55a-4549-bfac-7ecf53a35317_5.jpg,9,Vanda
0071b8c5-cefd-43c1-9dc8-ff8cccc6e0d9_13.jpg,9,Vanda
016addf7-c8f7-4427-9f1d-8da9184bcec0_5.jpg,9,Vanda
005d8803-fdbf-47ae-9aac-cc78973df663_5.jpg,9,Vanda
01677665-8f94-4bae-9d49-9c020c467d24_11.jpg,9,Vanda
015b43a1-7633-4fa8-810e-43be01e8488e_9.jpg,9,Vanda
003d528d-dd88-45db-8eb9-423dd5b8db1a_11.jpg,9,Vanda
003d528d-dd88-45db-8eb9-423dd5b8db1a_9.jpg,9,Vanda
0117a2f3-478a-476c-8682-4610fd3f89c0_10.jpg,9,Vanda
00a91328-8134-442f-9f7d-ce37543d5172_10.jpg,9,Vanda
0149e831-a689-4d83-be31-ec7fdd50d6ef_5.jpg,9,Vanda
01334b01-7c3e-4194-87c2-c935f6f0864a_9.jpg,9,Vanda
00cda37a-8409-4f1d-ac3d-9a97c75ac56e_7.jpg,9,Vanda
00681360-c942-4c19-8a38-3b4dd8a15e0e_9.jpg,9,Vanda
01752465-46e5-4665-9f8e-61d0393df4b7_7.jpg,9,Vanda
016addf7-c8f7-4427-9f1d-8da9184bcec0_9.jpg,9,Vanda
016ac10e-afd0-462f-99ab-9ff44f5b1cc5_6.jpg,9,Vanda
016e74d3-e9ec-4e6b-a2d0-843eac972325_9.jpg,9,Vanda
00337178-abe5-45b6-b51f-3a62ccbcb35d_7.jpg,9,Vanda
00c433c1-f3e1-4b44-b28b-6514507a50be_9.jpg,9,Vanda
0097eec9-3806-42e0-9308-44ec0703e7dd_9.jpg,9,Vanda
016ac10e-afd0-462f-99ab-9ff44f5b1cc5_8.jpg,9,Vanda
01208752-9a70-42c4-bd68-623f1ea643a2_3.jpg,9,Vanda
013ffec4-f663-4b57-bc8a-af29b3bd1625_5.jpg,9,Vanda
00fbd18b-540b-41e9-9bc6-26dfefdff11c_5.jpg,9,Vanda
012f8723-e9e8-4823-9234-7a57d3d8ca05_5.jpg,9,Vanda
012f8723-e9e8-4823-9234-7a57d3d8ca05_3.jpg,9,Vanda
007fad06-daa1-4ce0-8098-7fca56db1368_3.jpg,9,Vanda
0123f301-2ec5-45e5-bf63-ffb79c16e252_11.jpg,9,Vanda
00a985d0-6125-4b14-88a7-5c6a895d5eb9_10.jpg,9,Vanda
00e8f929-b97c-4dd7-b34e-dd63a497f642_2.jpg,9,Vanda
01523787-3ec3-4160-bfcc-6faeda7b2ff3_10.jpg,9,Vanda
00a985d0-6125-4b14-88a7-5c6a895d5eb9_11.jpg,9,Vanda
